[
	{"title":"cat jumping",
	"image_name":"cat-jumping.jpg",
"description":"Cras ultrices dignissim ligula, quis dignissim nunc dapibus eu",
"is_published":true}
,{
"title":"golden gate bridge",
"image_name":"golden-gate.jpg",
"description":"We visited the Golden Gate Bridge and admired it like we we're simply tourists.","is_published":true},{"title":"Empire State Building","image_name":"empire-state.jpg","description":"Suspendisse aliquam nunc tortor, consectetur sollicitudin sapien sodales non husap ien sodales non huidk edinwoskushidk edinwoskusho pashku husap ien sodales non huidk edinwoskushidk edinwoskusho pashku hu icitudin sapien sodales non husap ien sodales non huidk edinwoskushidk edinwoskusho pashku husap ien sodales non huidk edinwoskushidk edinwoskusho pashku hu sap ien sodales non huidk edinwoskushidk edinwoskusho pashku shi sapier soficceion sit amet, consectetur a.","is_published":true},{"title":"planning phase","image_name":"planning.jpg","description":"Nulla sapien eros, consectetur nec odio quis, tristique pretium lorem.","is_published":true},{"title":"co-workers","image_name":"office-people.jpg","description":"Lorem ipsum dolor sit amet, consectetur adipiscing elit. Donec fermentum commodo enim, id ullamcorper diam iaculis lobortis.","is_published":true},{"title":"archery","image_name":"arrows.jpg","description":"In ac ante vestibulum, pharetra est in, molestie odio. Aenean laoreet lobortis tempus.","is_published":true},{"title":"Mountains","image_name":"mountain.jpg","description":"Curabitur luctus tortor nunc, vitae volutpat mauris scelerisque in.","is_published":false},{"title":"Ocean view","image_name":"ocean.jpg","description":"Morbi commodo neque nisi, lacinia rhoncus justo gravida id.","is_published":"true"},{"title":"food for thought","image_name":"error.jpg","description":"Donec at ligula mattis, vestibulum enim ac, elementum metus."},{"title":"grassy fields from san francisco, california","image_name":"grass.jpg","description":" Phasellus mattis sodales ante eget egestas. Sed sed vestibulum sem.","is_published":true}]